{"time": 0.0, "HeartRate": 0.39205955334987597, "SysBP": 0.3951612903225806, "DiasBP": 0.3957816377171216, "MeanBP": 0.3951612903225806, "RespRate": 0.3939205955334988, "SpO2": 0.4001240694789082, "TempC": 0.7779156327543424, "icustay_id": 0.6476426799007444, "subject_id": 0.6091811414392059, "ANIONGAP": 0.8200992555831266, "ALBUMIN": 0.9534739454094293, "BICARBONATE": 0.8169975186104218, "BILIRUBIN": 0.9317617866004962, "CHLORIDE": 0.81575682382134, "GLUCOSE": 0.8169975186104218, "HEMATOCRIT": 0.8083126550868487, "POTASSIUM": 0.8021091811414391, "PTT": 0.8678660049627791, "INR": 0.8715880893300249, "PT": 0.8715880893300249, "SODIUM": 0.814516129032258, "CREATININE": 0.8200992555831266, "HEMOGLOBIN": 0.8387096774193549, "PLATELET": 0.8275434243176178, "BUN": 0.8200992555831266, "WBC": 0.8387096774193549, "LACTATE": 0.8008684863523573, "BANDS": 0.978287841191067}