{"time": [-9.801488833746898, 6.521793795377823], "HeartRate": [92.32487582023012, 18.256042347683263], "SysBP": [110.44836434480553, 20.132642824963323], "DiasBP": [60.48203429542435, 12.861631417033271], "MeanBP": [74.01706330271037, 14.112573572797848], "RespRate": [21.508969065724123, 5.771024896904416], "SpO2": [97.03670462625179, 3.374547119414497], "TempC": [36.85166821849783, 1.1851746081548318], "icustay_id": [250248.72183098592, 27877.997744575663], "subject_id": [1202.9809523809524, 608.0300976408884], "ANIONGAP": [15.313793103448276, 3.8891736679226323], "ALBUMIN": [2.6679999999999997, 0.5099437877518135], "BICARBONATE": [20.698305084745762, 5.404376491590449], "BILIRUBIN": [2.542272727272727, 4.067918757365851], "CHLORIDE": [107.67508417508418, 7.699511467928754], "GLUCOSE": [143.3322033898305, 65.21140183314095], "HEMATOCRIT": [30.82961165048544, 5.135790890335137], "POTASSIUM": [4.187931034482758, 0.821528574673768], "PTT": [44.778169014084504, 25.540536774179554], "INR": [2.003381642512077, 1.4982479830122253], "PT": [19.43574879227053, 11.197915493333207], "SODIUM": [139.3829431438127, 5.521742675462603], "CREATININE": [1.997068965517241, 1.6430627505181625], "HEMOGLOBIN": [10.408653846153845, 1.7525948112684824], "PLATELET": [200.59712230215828, 143.3449501723737], "BUN": [39.35344827586207, 24.63968074914402], "WBC": [15.813653846153846, 10.97706070172741], "LACTATE": [2.598338525441329, 1.6260776201535765], "BANDS": [14.485714285714286, 11.289366497654656]}